Epochs,Training Loss,Validation Loss
1,0.14650948345661163,0.16958647966384888
2,0.12338707596063614,0.13593217730522156
3,0.10564113408327103,0.12785065174102783
4,0.09958663582801819,0.1210838034749031
5,0.09320368617773056,0.1170448511838913
6,0.09054338932037354,0.1130995824933052
7,0.08829457312822342,0.10921268165111542
8,0.08796492218971252,0.10621077567338943
9,0.08284613490104675,0.10412237048149109
10,0.08295371383428574,0.10032247751951218
